{
    "quantum": [
        {
            "model": "VQC_IQP_4q",
            "accuracy_mean": 0.8879120879120878,
            "accuracy_std": 0.021308482889742113,
            "f1_mean": 0.8828674109713939,
            "f1_std": 0.023383861195726035,
            "precision_mean": 0.902107110917431,
            "precision_std": 0.01740302480104449,
            "recall_mean": 0.8879120879120878,
            "recall_std": 0.021308482889742113,
            "mcc_mean": 0.767932735730305,
            "mcc_std": 0.043988071645088195,
            "kappa_mean": 0.7457909267208465,
            "kappa_std": 0.05097317164583074,
            "auc_roc_mean": 0.9714138286893705,
            "auc_roc_std": 0.011971104231166173,
            "n_qubit": 4,
            "n_layer": 2,
            "n_epochs": 80,
            "encoding": "IQP",
            "ansatz": "StronglyEntangling",
            "n_params": 24,
            "sure_sn": 1907.7
        },
        {
            "model": "VQC_Amplitude_5q",
            "accuracy_mean": 0.8241758241758242,
            "accuracy_std": 0.05472483339775264,
            "f1_mean": 0.8123748411095061,
            "f1_std": 0.06438762610428461,
            "precision_mean": 0.8373856768879063,
            "precision_std": 0.044551628047578166,
            "recall_mean": 0.8241758241758242,
            "recall_std": 0.05472483339775264,
            "mcc_mean": 0.6224432964576596,
            "mcc_std": 0.11727068229060383,
            "kappa_mean": 0.5953384120738004,
            "kappa_std": 0.138954777888274,
            "auc_roc_mean": 0.928173374613003,
            "auc_roc_std": 0.028769072087137068,
            "n_qubit": 5,
            "n_layer": 2,
            "n_epochs": 80,
            "encoding": "Amplitude",
            "ansatz": "StronglyEntangling",
            "n_params": 30,
            "sure_sn": 2303.3,
            "backend": "lightning.qubit",
            "diff_method": "adjoint"
        },
        {
            "model": "VQC_ReUpload_4q",
            "accuracy_mean": 0.8967032967032967,
            "accuracy_std": 0.0330402118205998,
            "f1_mean": 0.8940739616817817,
            "f1_std": 0.0348830630699431,
            "precision_mean": 0.9008567859232757,
            "precision_std": 0.03278458126315457,
            "recall_mean": 0.8967032967032967,
            "recall_std": 0.0330402118205998,
            "mcc_mean": 0.7794118223862598,
            "mcc_std": 0.07294048489740573,
            "kappa_mean": 0.7707861666733534,
            "kappa_std": 0.07599692349917507,
            "auc_roc_mean": 0.9734778121775026,
            "auc_roc_std": 0.012871382313864903,
            "n_qubit": 4,
            "n_blocks": 2,
            "n_epochs": 80,
            "encoding": "Data Re-uploading",
            "ansatz": "Custom ReUpload",
            "n_params": 24,
            "sure_sn": 2030.9,
            "backend": "lightning.qubit",
            "diff_method": "adjoint"
        },
        {
            "model": "QKernel_SVM_4q",
            "accuracy_mean": 0.8307692307692308,
            "accuracy_std": 0.022627758551619782,
            "f1_mean": 0.8284632351050453,
            "f1_std": 0.021445632080905528,
            "precision_mean": 0.8336570489918451,
            "precision_std": 0.02759985813395447,
            "recall_mean": 0.8307692307692308,
            "recall_std": 0.022627758551619782,
            "mcc_mean": 0.6378505511316844,
            "mcc_std": 0.05156280917923777,
            "kappa_mean": 0.6313142919585485,
            "kappa_std": 0.04576255709864506,
            "auc_roc_mean": 0.9047471620227039,
            "auc_roc_std": 0.012763364155822719,
            "n_qubit": 4,
            "n_epochs": 0,
            "encoding": "ZZFeatureMap",
            "ansatz": "N/A (Kernel)",
            "n_params": 0,
            "sure_sn": 0.7,
            "backend": "lightning.qubit",
            "diff_method": "N/A (Kernel)"
        },
        {
            "model": "VQC_ReUpload_6q",
            "accuracy_mean": 0.9010989010989011,
            "accuracy_std": 0.037427222782255846,
            "f1_mean": 0.8977971678525171,
            "f1_std": 0.04019031844102598,
            "precision_mean": 0.9076367303311546,
            "precision_std": 0.032766849741102125,
            "recall_mean": 0.9010989010989011,
            "recall_std": 0.037427222782255846,
            "mcc_mean": 0.7904822892093696,
            "mcc_std": 0.07873821241981302,
            "kappa_mean": 0.7786674685478282,
            "kappa_std": 0.08747422996482569,
            "auc_roc_mean": 0.980392156862745,
            "auc_roc_std": 0.010665024299495458,
            "n_qubit": 6,
            "n_blocks": 2,
            "n_epochs": 80,
            "encoding": "Data Re-uploading",
            "ansatz": "Custom ReUpload",
            "n_params": 36,
            "sure_sn": 2508.6,
            "backend": "lightning.qubit",
            "diff_method": "adjoint"
        },
        {
            "model": "VQC_IQP_6q",
            "accuracy_mean": 0.8659340659340659,
            "accuracy_std": 0.05663340099659397,
            "f1_mean": 0.8576590192420968,
            "f1_std": 0.0660904437255209,
            "precision_mean": 0.8788489401618701,
            "precision_std": 0.04871272861003462,
            "recall_mean": 0.8659340659340659,
            "recall_std": 0.05663340099659397,
            "mcc_mean": 0.7158700042159672,
            "mcc_std": 0.12391053378391961,
            "kappa_mean": 0.6925326981972646,
            "kappa_std": 0.14175210137271757,
            "auc_roc_mean": 0.945407636738906,
            "auc_roc_std": 0.04265185797064132,
            "n_qubit": 6,
            "n_layer": 2,
            "n_epochs": 80,
            "encoding": "IQP",
            "ansatz": "StronglyEntangling",
            "n_params": 36,
            "sure_sn": 2744.5,
            "backend": "lightning.qubit",
            "diff_method": "adjoint"
        },
        {
            "model": "QKernel_SVM_6q",
            "accuracy_mean": 0.7692307692307692,
            "accuracy_std": 0.018388132451298337,
            "f1_mean": 0.759855946950238,
            "f1_std": 0.013970562503703382,
            "precision_mean": 0.7745503369652604,
            "precision_std": 0.026597709137976107,
            "recall_mean": 0.7692307692307692,
            "recall_std": 0.018388132451298337,
            "mcc_mean": 0.4990025759511779,
            "mcc_std": 0.040039222865585734,
            "kappa_mean": 0.4810148605550296,
            "kappa_std": 0.028406319746617878,
            "auc_roc_mean": 0.8608875128998967,
            "auc_roc_std": 0.02724458204334367,
            "n_qubit": 6,
            "n_epochs": 0,
            "encoding": "ZZFeatureMap",
            "ansatz": "N/A (Kernel)",
            "n_params": 0,
            "sure_sn": 0.8,
            "backend": "lightning.qubit",
            "diff_method": "N/A (Kernel)"
        },
        {
            "model": "VQC_ReUpload_6q_1block",
            "accuracy_mean": 0.6417582417582417,
            "accuracy_std": 0.017855029460738355,
            "f1_mean": 0.5418638276250973,
            "f1_std": 0.017164257495402627,
            "precision_mean": 0.67273216833766,
            "precision_std": 0.09075374828332483,
            "recall_mean": 0.6417582417582417,
            "recall_std": 0.017855029460738355,
            "mcc_mean": 0.14603514246589336,
            "mcc_std": 0.0832558435230087,
            "kappa_mean": 0.07312638490760595,
            "kappa_std": 0.03930527541100047,
            "auc_roc_mean": 0.6783281733746129,
            "auc_roc_std": 0.03317913642770163,
            "n_qubit": 6,
            "n_blocks": 1,
            "n_epochs": 80,
            "encoding": "Data Re-uploading",
            "ansatz": "Custom ReUpload",
            "n_params": 18,
            "sure_sn": 1825.9,
            "backend": "lightning.qubit",